{
	"credit": "Made with Blockbench",
	"textures": {
		"base": "pneumaticcraft:items/camo_applicator"
	},
	"elements": [
		{
			"from": [6, 5, 6],
			"to": [10, 9, 14],
			"rotation": {"angle": 0, "axis": "y", "origin": [0, 1, 0]},
			"faces": {
				"north": {"uv": [8, 12, 12, 16], "texture": "#base"},
				"east": {"uv": [0, 12, 8, 16], "texture": "#base"},
				"south": {"uv": [12, 12, 16, 16], "texture": "#base"},
				"west": {"uv": [0, 0, 8, 4], "texture": "#base"},
				"up": {"uv": [0, 4, 4, 12], "texture": "#base"},
				"down": {"uv": [4, 4, 8, 12], "texture": "#base"}
			}
		},
		{
			"from": [7, 1.75, 12],
			"to": [9, 7, 14],
			"rotation": {"angle": -22.5, "axis": "x", "origin": [8, 4, 12]},
			"faces": {
				"north": {"uv": [12, 4, 14, 8], "texture": "#base"},
				"east": {"uv": [14, 0, 12, 4], "texture": "#base"},
				"south": {"uv": [14, 0, 16, 4], "texture": "#base"},
				"west": {"uv": [12, 0, 14, 4], "texture": "#base"},
				"up": {"uv": [0, 0, 2, 2], "texture": "#base"},
				"down": {"uv": [0, 0, 2, 2], "texture": "#base"}
			}
		},
		{
			"from": [7.5, 4, 11.5],
			"to": [8.5, 6, 12],
			"rotation": {"angle": -22.5, "axis": "x", "origin": [8, 4, 12]},
			"faces": {
				"north": {"uv": [15, 4, 16, 6], "texture": "#base"},
				"east": {"uv": [15, 4, 16, 6], "texture": "#base"},
				"south": {"uv": [0, 0, 1, 3], "texture": "#base"},
				"west": {"uv": [15, 4, 16, 6], "texture": "#base"},
				"up": {"uv": [0, 0, 1, 0.5], "texture": "#base"},
				"down": {"uv": [15, 5, 16, 6], "texture": "#base"}
			}
		},
		{
			"from": [6.75, 1, 11.75],
			"to": [9.25, 2, 14.25],
			"rotation": {"angle": -22.5, "axis": "x", "origin": [8, 4, 12]},
			"faces": {
				"north": {"uv": [13, 11, 16, 12], "texture": "#base"},
				"east": {"uv": [13, 8, 16, 9], "rotation": 180, "texture": "#base"},
				"south": {"uv": [13, 9, 16, 10], "texture": "#base"},
				"west": {"uv": [13, 10, 16, 11], "texture": "#base"},
				"up": {"uv": [10, 9, 13, 12], "texture": "#base"},
				"down": {"uv": [13, 9, 10, 12], "rotation": 180, "texture": "#base"}
			}
		},
		{
			"from": [6.25, 5.25, 14],
			"to": [9.75, 8.75, 15],
			"rotation": {"angle": 0, "axis": "y", "origin": [0, 1, 0]},
			"faces": {
				"north": {"uv": [0, 0, 3.5, 3.5], "texture": "#base"},
				"east": {"uv": [11, 0, 12, 4], "texture": "#base"},
				"south": {"uv": [8, 0, 12, 4], "texture": "#base"},
				"west": {"uv": [8, 0, 9, 4], "texture": "#base"},
				"up": {"uv": [8, 0, 12, 1], "texture": "#base"},
				"down": {"uv": [8, 3, 12, 4], "texture": "#base"}
			}
		},
		{
			"from": [7, 6, 4],
			"to": [9, 8, 6],
			"rotation": {"angle": 0, "axis": "y", "origin": [0, 1, 0]},
			"faces": {
				"north": {"uv": [8, 8, 10, 10], "texture": "#base"},
				"east": {"uv": [8, 4, 10, 6], "texture": "#base"},
				"south": {"uv": [0, 0, 2, 2], "texture": "#base"},
				"west": {"uv": [8, 6, 10, 8], "texture": "#base"},
				"up": {"uv": [10, 4, 12, 6], "texture": "#base"},
				"down": {"uv": [10, 6, 12, 8], "texture": "#base"}
			}
		},
		{
			"from": [7.5, 6.5, 3],
			"to": [8.5, 7.5, 4],
			"rotation": {"angle": 0, "axis": "y", "origin": [0, 1, 0]},
			"faces": {
				"north": {"uv": [15, 6, 16, 7], "texture": "#base"},
				"east": {"uv": [15, 6, 16, 7], "texture": "#base"},
				"south": {"uv": [15, 6, 16, 7], "texture": "#base"},
				"west": {"uv": [15, 6, 16, 7], "texture": "#base"},
				"up": {"uv": [15, 6, 16, 7], "texture": "#base"},
				"down": {"uv": [15, 6, 16, 7], "texture": "#base"}
			}
		}
	],
	"display": {
		"thirdperson_righthand": {
			"translation": [0, 2, -2],
			"scale": [0.55, 0.55, 0.55]
		},
		"thirdperson_lefthand": {
			"translation": [0, 2, -2],
			"scale": [0.55, 0.55, 0.55]
		},
		"firstperson_righthand": {
			"translation": [1.13, 3.2, 1.13],
			"scale": [0.68, 0.68, 0.68]
		},
		"firstperson_lefthand": {
			"translation": [1.13, 3.2, 1.13],
			"scale": [0.68, 0.68, 0.68]
		},
		"ground": {
			"translation": [0, 2, 0],
			"scale": [0.5, 0.5, 0.5]
		},
		"gui": {
			"rotation": [40.25, -55, 19.75],
			"translation": [1, 2.75, 0]
		},
		"head": {
			"rotation": [-90, 0, 0],
			"translation": [8.25, -31.75, -1.25]
		},
		"fixed": {
			"rotation": [0, 90, 0],
			"translation": [-1.25, 1, 0]
		}
	}
}