{
	"credit": "Made with Blockbench",
	"texture_size": [64, 64],
	"textures": {
		"0": "pneumaticcraft:items/air_cannon",
		"particle": "pneumaticcraft:items/air_cannon"
	},
	"elements": [
		{
			"name": "cannon",
			"from": [6.2, 7.95, 9.2],
			"to": [9.8, 9.55, 9.8],
			"shade": false,
			"faces": {
				"north": {"uv": [9.75, 3.5, 8.75, 4], "texture": "#0"},
				"east": {"uv": [10, 3.5, 9.75, 4], "texture": "#0"},
				"south": {"uv": [11, 3.5, 10, 4], "texture": "#0"},
				"west": {"uv": [8.75, 3.5, 8.5, 4], "texture": "#0"},
				"up": {"uv": [8.75, 3.5, 9.75, 3.25], "texture": "#0"},
				"down": {"uv": [9.75, 3.25, 10.75, 3.5], "texture": "#0"}
			}
		},
		{
			"name": "cannon",
			"from": [6.2, 7.95, 6.2],
			"to": [9.8, 9.55, 6.8],
			"shade": false,
			"faces": {
				"north": {"uv": [12.25, 3.5, 11.25, 4], "texture": "#0"},
				"east": {"uv": [12.5, 3.5, 12.25, 4], "texture": "#0"},
				"south": {"uv": [13.5, 3.5, 12.5, 4], "texture": "#0"},
				"west": {"uv": [11.25, 3.5, 11, 4], "texture": "#0"},
				"up": {"uv": [11.25, 3.5, 12.25, 3.25], "texture": "#0"},
				"down": {"uv": [12.25, 3.25, 13.25, 3.5], "texture": "#0"}
			}
		},
		{
			"name": "cannon",
			"from": [6.2, 7.95, 6.7],
			"to": [6.8, 9.55, 9.3],
			"shade": false,
			"faces": {
				"north": {"uv": [12, 2.75, 11.75, 3.25], "texture": "#0"},
				"east": {"uv": [12.75, 2.75, 12, 3.25], "texture": "#0"},
				"south": {"uv": [13, 2.75, 12.75, 3.25], "texture": "#0"},
				"west": {"uv": [11.75, 2.75, 11, 3.25], "texture": "#0"},
				"up": {"uv": [11.75, 2.75, 12, 2], "texture": "#0"},
				"down": {"uv": [12, 2, 12.25, 2.75], "texture": "#0"}
			}
		},
		{
			"name": "cannon",
			"from": [9.2, 7.95, 6.7],
			"to": [9.8, 9.55, 9.3],
			"shade": false,
			"faces": {
				"north": {"uv": [10, 2.75, 9.75, 3.25], "texture": "#0"},
				"east": {"uv": [10.75, 2.75, 10, 3.25], "texture": "#0"},
				"south": {"uv": [11, 2.75, 10.75, 3.25], "texture": "#0"},
				"west": {"uv": [9.75, 2.75, 9, 3.25], "texture": "#0"},
				"up": {"uv": [9.75, 2.75, 10, 2], "texture": "#0"},
				"down": {"uv": [10, 2, 10.25, 2.75], "texture": "#0"}
			}
		},
		{
			"name": "cannon",
			"from": [6.5, 6, 6.5],
			"to": [9.5, 8, 9.5],
			"shade": false,
			"faces": {
				"north": {"uv": [7.5, 2.75, 6.75, 3.25], "texture": "#0"},
				"east": {"uv": [8.25, 2.75, 7.5, 3.25], "texture": "#0"},
				"south": {"uv": [9, 2.75, 8.25, 3.25], "texture": "#0"},
				"west": {"uv": [6.75, 2.75, 6, 3.25], "texture": "#0"},
				"up": {"uv": [6.75, 2.75, 7.5, 2], "texture": "#0"},
				"down": {"uv": [7.5, 2, 8.25, 2.75], "texture": "#0"}
			}
		},
		{
			"name": "cannon",
			"from": [6, 2, 6],
			"to": [10, 6, 10],
			"shade": false,
			"faces": {
				"north": {"uv": [2, 3, 1, 4], "texture": "#0"},
				"east": {"uv": [3, 3, 2, 4], "texture": "#0"},
				"south": {"uv": [4, 3, 3, 4], "texture": "#0"},
				"west": {"uv": [1, 3, 0, 4], "texture": "#0"},
				"up": {"uv": [1, 3, 2, 2], "texture": "#0"},
				"down": {"uv": [2, 2, 3, 3], "texture": "#0"}
			}
		}
	],
	"display": {
		"thirdperson_righthand": {
			"rotation": [75, 45, 0],
			"translation": [0, 1.5, 2],
			"scale": [0.375, 0.375, 0.375]
		},
		"thirdperson_lefthand": {
			"rotation": [75, 45, 0],
			"translation": [0, 1.5, 2],
			"scale": [0.375, 0.375, 0.375]
		},
		"firstperson_righthand": {
			"rotation": [0, 45, 0],
			"translation": [0, 1, 0],
			"scale": [0.4, 0.4, 0.4]
		},
		"firstperson_lefthand": {
			"rotation": [0, 225, 0],
			"translation": [0, 1, 0],
			"scale": [0.4, 0.4, 0.4]
		},
		"ground": {
			"translation": [0, 3, 0],
			"scale": [0.25, 0.25, 0.25]
		},
		"gui": {
			"rotation": [30, 225, 0],
			"translation": [0, 2.5, 0],
			"scale": [1.5, 1.5, 1.5]
		},
		"fixed": {
			"scale": [0.5, 0.5, 0.5]
		}
	}
}
