{
	"credit": "Made with Blockbench",
	"texture_size": [32, 32],
	"textures": {
		"0": "pneumaticcraft:items/semiblock/active_provider_frame"
	},
	"elements": [
		{
			"name": "frame",
			"from": [10, 0, 8],
			"to": [14, 12, 9],
			"rotation": {"angle": 0, "axis": "y", "origin": [-8, 3, 0]},
			"faces": {
				"north": {"uv": [0.5, 0.5, 2.5, 6.5], "texture": "#0"},
				"east": {"uv": [0, 0.5, 0.5, 6.5], "texture": "#0"},
				"south": {"uv": [3, 0.5, 5, 6.5], "texture": "#0"},
				"west": {"uv": [2.5, 0.5, 3, 6.5], "texture": "#0"},
				"up": {"uv": [2.5, 0.5, 0.5, 0], "texture": "#0"},
				"down": {"uv": [4.5, 0, 2.5, 0.5], "texture": "#0"}
			}
		},
		{
			"name": "frame",
			"from": [6, 8, 8],
			"to": [10, 12, 9],
			"rotation": {"angle": 0, "axis": "y", "origin": [-8, 3, 0]},
			"faces": {
				"north": {"uv": [10.5, 0.5, 12.5, 2.5], "texture": "#0"},
				"east": {"uv": [10, 0.5, 10.5, 2.5], "texture": "#0"},
				"south": {"uv": [13, 0.5, 15, 2.5], "texture": "#0"},
				"west": {"uv": [12.5, 0.5, 13, 2.5], "texture": "#0"},
				"up": {"uv": [12.5, 0.5, 10.5, 0], "texture": "#0"},
				"down": {"uv": [14.5, 0, 12.5, 0.5], "texture": "#0"}
			}
		},
		{
			"name": "frame",
			"from": [2, 0, 8],
			"to": [6, 12, 9],
			"rotation": {"angle": 0, "axis": "y", "origin": [-8, 3, 0]},
			"faces": {
				"north": {"uv": [5.5, 0.5, 7.5, 6.5], "texture": "#0"},
				"east": {"uv": [5, 0.5, 5.5, 6.5], "texture": "#0"},
				"south": {"uv": [8, 0.5, 10, 6.5], "texture": "#0"},
				"west": {"uv": [7.5, 0.5, 8, 6.5], "texture": "#0"},
				"up": {"uv": [7.5, 0.5, 5.5, 0], "texture": "#0"},
				"down": {"uv": [9.5, 0, 7.5, 0.5], "texture": "#0"}
			}
		},
		{
			"name": "frame",
			"from": [6, 0, 8],
			"to": [10, 4, 9],
			"rotation": {"angle": 0, "axis": "y", "origin": [-8, 3, 0]},
			"faces": {
				"north": {"uv": [10.5, 3, 12.5, 5], "texture": "#0"},
				"east": {"uv": [10, 3, 10.5, 5], "texture": "#0"},
				"south": {"uv": [13, 3, 15, 5], "texture": "#0"},
				"west": {"uv": [12.5, 3, 13, 5], "texture": "#0"},
				"up": {"uv": [12.5, 3, 10.5, 2.5], "texture": "#0"},
				"down": {"uv": [14.5, 2.5, 12.5, 3], "texture": "#0"}
			}
		},
		{
			"name": "face",
			"from": [2.5, 0.5, 7.5],
			"to": [5.5, 11.5, 8.5],
			"rotation": {"angle": 0, "axis": "y", "origin": [-8, 3, 0]},
			"faces": {
				"north": {"uv": [4.5, 7, 6, 12.5], "texture": "#0"},
				"east": {"uv": [4, 7, 4.5, 12.5], "texture": "#0"},
				"south": {"uv": [6.5, 7, 8, 12.5], "texture": "#0"},
				"west": {"uv": [6, 7, 6.5, 12.5], "texture": "#0"},
				"up": {"uv": [6, 7, 4.5, 6.5], "texture": "#0"},
				"down": {"uv": [7.5, 6.5, 6, 7], "texture": "#0"}
			}
		},
		{
			"name": "face",
			"from": [10.5, 0.5, 7.5],
			"to": [13.5, 11.5, 8.5],
			"rotation": {"angle": 0, "axis": "y", "origin": [-8, 3, 0]},
			"faces": {
				"north": {"uv": [0.5, 7, 2, 12.5], "texture": "#0"},
				"east": {"uv": [0, 7, 0.5, 12.5], "texture": "#0"},
				"south": {"uv": [2.5, 7, 4, 12.5], "texture": "#0"},
				"west": {"uv": [2, 7, 2.5, 12.5], "texture": "#0"},
				"up": {"uv": [2, 7, 0.5, 6.5], "texture": "#0"},
				"down": {"uv": [3.5, 6.5, 2, 7], "texture": "#0"}
			}
		},
		{
			"name": "face",
			"from": [5.5, 0.5, 7.5],
			"to": [10.5, 3.5, 8.5],
			"rotation": {"angle": 0, "axis": "y", "origin": [-8, 3, 0]},
			"faces": {
				"north": {"uv": [8.5, 9, 11, 10.5], "texture": "#0"},
				"east": {"uv": [8, 9, 8.5, 10.5], "texture": "#0"},
				"south": {"uv": [11.5, 9, 14, 10.5], "texture": "#0"},
				"west": {"uv": [11, 9, 11.5, 10.5], "texture": "#0"},
				"up": {"uv": [11, 9, 8.5, 8.5], "texture": "#0"},
				"down": {"uv": [13.5, 8.5, 11, 9], "texture": "#0"}
			}
		},
		{
			"name": "face",
			"from": [5.5, 8.5, 7.5],
			"to": [10.5, 11.5, 8.5],
			"rotation": {"angle": 0, "axis": "y", "origin": [-8, 3, 0]},
			"faces": {
				"north": {"uv": [8.5, 7, 11, 8.5], "texture": "#0"},
				"east": {"uv": [8, 7, 8.5, 8.5], "texture": "#0"},
				"south": {"uv": [11.5, 7, 14, 8.5], "texture": "#0"},
				"west": {"uv": [11, 7, 11.5, 8.5], "texture": "#0"},
				"up": {"uv": [11, 7, 8.5, 6.5], "texture": "#0"},
				"down": {"uv": [13.5, 6.5, 11, 7], "texture": "#0"}
			}
		}
	],
	"display": {
		"thirdperson_righthand": {
			"rotation": [75, 45, 0],
			"translation": [0.5, 2.5, 1.25],
			"scale": [0.5, 0.5, 0.5]
		},
		"thirdperson_lefthand": {
			"rotation": [75, 45, 0],
			"translation": [0.5, 2.5, 1.25],
			"scale": [0.5, 0.5, 0.48]
		},
		"firstperson_righthand": {
			"rotation": [0, 135, 0],
			"translation": [0, 2, 0.5],
			"scale": [0.6, 0.6, 0.6]
		},
		"firstperson_lefthand": {
			"rotation": [0, 135, 0],
			"translation": [0, 2, 0.5],
			"scale": [0.6, 0.6, 0.6]
		},
		"ground": {
			"translation": [0, 3, 0],
			"scale": [0.5, 0.5, 0.5]
		},
		"gui": {
			"rotation": [30, 225, 0],
			"translation": [0, 1.5, 0]
		},
		"fixed": {
			"translation": [0, 2, -1]
		}
	},
	"groups": [
		{
			"name": "frame",
			"origin": [-8, 3, 0],
			"children": [0, 1, 2, 3]
		},
		{
			"name": "face",
			"origin": [-8, 3, 0],
			"children": [4, 5, 6, 7]
		}
	]
}