{
	"credit": "Made with Blockbench",
	"texture_size": [64, 64],
	"textures": {
		"0": "pneumaticcraft:items/air_cannon",
		"particle": "pneumaticcraft:items/air_cannon"
	},
	"elements": [
		{
			"name": "baseTurn",
			"from": [4.5, 0, 4.5],
			"to": [11.5, 1, 11.5],
			"faces": {
				"north": {"uv": [1.75, 1.75, 3.5, 2], "texture": "#0"},
				"east": {"uv": [0, 1.75, 1.75, 2], "texture": "#0"},
				"south": {"uv": [5.25, 1.75, 7, 2], "texture": "#0"},
				"west": {"uv": [3.5, 1.75, 5.25, 2], "texture": "#0"},
				"up": {"uv": [3.5, 1.75, 1.75, 0], "texture": "#0"},
				"down": {"uv": [5.25, 0, 3.5, 1.75], "texture": "#0"}
			}
		},
		{
			"name": "baseFrame1",
			"from": [10.5, 1, 6.5],
			"to": [11.5, 6, 9.5],
			"shade": false,
			"faces": {
				"north": {"uv": [8, 0.75, 7.75, 2], "texture": "#0"},
				"east": {"uv": [8.75, 0.75, 8, 2], "texture": "#0"},
				"south": {"uv": [9, 0.75, 8.75, 2], "texture": "#0"},
				"west": {"uv": [7.75, 0.75, 7, 2], "texture": "#0"},
				"up": {"uv": [7.75, 0.75, 8, 0], "texture": "#0"},
				"down": {"uv": [8, 0, 8.25, 0.75], "texture": "#0"}
			}
		},
		{
			"name": "baseFrame2",
			"from": [4.5, 1, 6.5],
			"to": [5.5, 6, 9.5],
			"shade": false,
			"faces": {
				"north": {"uv": [10, 0.75, 9.75, 2], "texture": "#0"},
				"east": {"uv": [10.75, 0.75, 10, 2], "texture": "#0"},
				"south": {"uv": [11, 0.75, 10.75, 2], "texture": "#0"},
				"west": {"uv": [9.75, 0.75, 9, 2], "texture": "#0"},
				"up": {"uv": [9.75, 0.75, 10, 0], "texture": "#0"},
				"down": {"uv": [10, 0, 10.25, 0.75], "texture": "#0"}
			}
		},
		{
			"name": "axis",
			"from": [4.2, 3.7, 7.2],
			"to": [11.8, 5.3, 8.8],
			"shade": false,
			"faces": {
				"north": {"uv": [13.5, 1.5, 11.5, 2], "texture": "#0"},
				"east": {"uv": [14, 1.5, 13.5, 2], "texture": "#0"},
				"south": {"uv": [16, 1.5, 14, 2], "texture": "#0"},
				"west": {"uv": [11.5, 1.5, 11, 2], "texture": "#0"},
				"up": {"uv": [11.5, 1.5, 13.5, 1], "texture": "#0"},
				"down": {"uv": [13.5, 1, 15.5, 1.5], "texture": "#0"}
			}
		}
	],
	"display": {
		"thirdperson_righthand": {
			"rotation": [75, 45, 0],
			"translation": [0, 2.5, 2],
			"scale": [0.375, 0.375, 0.375]
		},
		"thirdperson_lefthand": {
			"rotation": [75, 45, 0],
			"translation": [0, 2.5, 2],
			"scale": [0.375, 0.375, 0.375]
		},
		"firstperson_righthand": {
			"rotation": [0, 45, 0],
			"translation": [0, 2.5, 0],
			"scale": [0.4, 0.4, 0.4]
		},
		"firstperson_lefthand": {
			"rotation": [0, 225, 0],
			"translation": [0, 2.5, 0],
			"scale": [0.4, 0.4, 0.4]
		},
		"ground": {
			"translation": [0, 3, 0],
			"scale": [0.25, 0.25, 0.25]
		},
		"gui": {
			"rotation": [30, 225, 0],
			"translation": [0, 6.5, 0],
			"scale": [1.5, 1.5, 1.5]
		},
		"fixed": {
			"scale": [0.5, 0.5, 0.5]
		}
	}
}