{
	"credit": "Made with Blockbench",
	"texture_size": [64, 64],
	"textures": {
		"0": "pneumaticcraft:items/semiblock/transfer_gadget"
	},
	"elements": [
		{
			"name": "inPart1",
			"from": [4, 2, 4],
			"to": [12, 3, 12],
			"rotation": {"angle": 0, "axis": "z", "origin": [7, 4, 8]},
			"faces": {
				"north": {"uv": [10, 2, 10.25, 4], "rotation": 270, "texture": "#0"},
				"east": {"uv": [10.25, 2, 10, 0], "rotation": 90, "texture": "#0"},
				"south": {"uv": [12.25, 2, 12.5, 4], "rotation": 90, "texture": "#0"},
				"west": {"uv": [10.5, 0, 10.25, 2], "rotation": 90, "texture": "#0"},
				"up": {"uv": [10.25, 2, 12.25, 4], "rotation": 90, "texture": "#0"},
				"down": {"uv": [8, 2, 10, 4], "rotation": 90, "texture": "#0"}
			}
		},
		{
			"name": "inPart2",
			"from": [6, 0, 6],
			"to": [10, 1, 10],
			"rotation": {"angle": 0, "axis": "z", "origin": [7, 4, 8]},
			"faces": {
				"north": {"uv": [8.5, 1, 8.75, 2], "rotation": 270, "texture": "#0"},
				"east": {"uv": [8.75, 1, 8.5, 0], "rotation": 90, "texture": "#0"},
				"south": {"uv": [9.75, 1, 10, 2], "rotation": 90, "texture": "#0"},
				"west": {"uv": [9, 0, 8.75, 1], "rotation": 90, "texture": "#0"},
				"up": {"uv": [8.75, 1, 9.75, 2], "rotation": 90, "texture": "#0"},
				"down": {"uv": [7.5, 1, 8.5, 2], "rotation": 90, "texture": "#0"}
			}
		},
		{
			"name": "betweenPart",
			"from": [5, 1, 5],
			"to": [11, 2, 11],
			"rotation": {"angle": 0, "axis": "z", "origin": [7, 4, 8]},
			"faces": {
				"north": {"uv": [6, 2.5, 6.25, 4], "rotation": 270, "texture": "#0"},
				"east": {"uv": [6.25, 2.5, 6, 1], "rotation": 90, "texture": "#0"},
				"south": {"uv": [7.75, 2.5, 8, 4], "rotation": 90, "texture": "#0"},
				"west": {"uv": [6.5, 1, 6.25, 2.5], "rotation": 90, "texture": "#0"},
				"up": {"uv": [6.25, 2.5, 7.75, 4], "rotation": 90, "texture": "#0"},
				"down": {"uv": [4.5, 2.5, 6, 4], "rotation": 90, "texture": "#0"}
			}
		},
		{
			"name": "outPart1",
			"from": [4, 0, 4],
			"to": [12, 1, 12],
			"rotation": {"angle": 0, "axis": "z", "origin": [7, 4, 8]},
			"faces": {
				"north": {"uv": [2, 2, 2.25, 4], "rotation": 270, "texture": "#0"},
				"east": {"uv": [2.25, 2, 2, 0], "rotation": 90, "texture": "#0"},
				"south": {"uv": [4.25, 2, 4.5, 4], "rotation": 90, "texture": "#0"},
				"west": {"uv": [2.5, 0, 2.25, 2], "rotation": 90, "texture": "#0"},
				"up": {"uv": [2.25, 2, 4.25, 4], "rotation": 90, "texture": "#0"},
				"down": {"uv": [0, 2, 2, 4], "rotation": 90, "texture": "#0"}
			}
		},
		{
			"name": "outPart2",
			"from": [6, 2, 6],
			"to": [10, 3, 10],
			"rotation": {"angle": 0, "axis": "z", "origin": [7, 4, 8]},
			"faces": {
				"north": {"uv": [3.5, 1, 3.75, 2], "rotation": 270, "texture": "#0"},
				"east": {"uv": [3.75, 1, 3.5, 0], "rotation": 90, "texture": "#0"},
				"south": {"uv": [4.75, 1, 5, 2], "rotation": 90, "texture": "#0"},
				"west": {"uv": [4, 0, 3.75, 1], "rotation": 90, "texture": "#0"},
				"up": {"uv": [3.75, 1, 4.75, 2], "rotation": 90, "texture": "#0"},
				"down": {"uv": [2.5, 1, 3.5, 2], "rotation": 90, "texture": "#0"}
			}
		}
	],
	"display": {
		"thirdperson_righthand": {
			"rotation": [75, 45, 0],
			"translation": [0, 2.5, 2.5],
			"scale": [0.375, 0.375, 0.375]
		},
		"thirdperson_lefthand": {
			"rotation": [75, 45, 0],
			"translation": [0, 2.5, 2.5],
			"scale": [0.375, 0.375, 0.375]
		},
		"firstperson_righthand": {
			"rotation": [0, 45, 0],
			"translation": [0, 4.5, 0],
			"scale": [0.6, 0.6, 0.6]
		},
		"firstperson_lefthand": {
			"rotation": [0, 225, 0],
			"translation": [0, 4.5, 0],
			"scale": [0.6, 0.6, 0.6]
		},
		"ground": {
			"translation": [0, 3, 0],
			"scale": [0.45, 0.45, 0.45]
		},
		"gui": {
			"rotation": [30, 225, 0],
			"translation": [0, 2.75, 0]
		},
		"head": {
			"rotation": [0, 0, -90],
			"translation": [4.25, 7, 0]
		},
		"fixed": {
			"scale": [0.5, 0.5, 0.5]
		}
	},
	"groups": [
		{
			"name": "inPart1",
			"origin": [-2, 12, 0],
			"color": 0,
			"children": [0]
		},
		{
			"name": "inPart2",
			"origin": [2, 12, 0],
			"color": 0,
			"children": [1]
		},
		{
			"name": "betweenPart",
			"origin": [0, 12, 0],
			"color": 0,
			"children": [2]
		},
		{
			"name": "outPart1",
			"origin": [2, 12, 0],
			"color": 0,
			"children": [3]
		},
		{
			"name": "outPart2",
			"origin": [0, 12, 0],
			"color": 0,
			"children": [4]
		}
	]
}