{
	"credit": "Made with Blockbench",
	"texture_size": [32, 32],
	"textures": {
		"base": "pneumaticcraft:blocks/vortex_cannon"
	},
	"elements": [
		{
			"from": [0, 4, 4],
			"to": [16, 11, 11],
			"faces": {
				"north": {"uv": [0, 0, 8, 3.5], "texture": "#base"},
				"east": {"uv": [8, 3.5, 11.5, 7], "texture": "#base"},
				"south": {"uv": [0, 7, 8, 10.5], "texture": "#base"},
				"west": {"uv": [8, 0, 11.5, 3.5], "texture": "#base"},
				"up": {"uv": [0, 3.5, 8, 7], "texture": "#base"},
				"down": {"uv": [0, 10.5, 8, 14], "texture": "#base"}
			}
		},
		{
			"from": [-1, 4.5, 4.5],
			"to": [0, 10.5, 10.5],
			"faces": {
				"north": {"uv": [8, 7, 8.5, 10], "texture": "#base"},
				"east": {"uv": [8, 0, 11, 3], "texture": "#base"},
				"south": {"uv": [10.5, 7, 11, 10], "texture": "#base"},
				"west": {"uv": [8, 7, 11, 10], "texture": "#base"},
				"up": {"uv": [8, 7, 11, 7.5], "rotation": 90, "texture": "#base"},
				"down": {"uv": [8, 9.5, 11, 10], "texture": "#base"}
			}
		},
		{
			"from": [1, 4, 2],
			"to": [3, 8, 4],
			"faces": {
				"north": {"uv": [5, 14, 6, 16], "texture": "#base"},
				"east": {"uv": [7, 14, 8, 16], "texture": "#base"},
				"south": {"uv": [0, 0, 1, 2], "texture": "#base"},
				"west": {"uv": [6, 14, 7, 16], "texture": "#base"},
				"up": {"uv": [5, 14, 5.5, 14.5], "texture": "#base"},
				"down": {"uv": [5, 15.5, 5.5, 16], "texture": "#base"}
			}
		},
		{
			"from": [1.25, 3.5, 2.25],
			"to": [2.75, 4, 3.75],
			"faces": {
				"north": {"uv": [7, 14.5, 7.5, 15], "texture": "#base"},
				"east": {"uv": [7, 14.5, 7.5, 15], "texture": "#base"},
				"south": {"uv": [7, 14.5, 7.5, 15], "texture": "#base"},
				"west": {"uv": [7, 14.5, 7.5, 15], "texture": "#base"},
				"up": {"uv": [0, 0, 0.75, 0.75], "texture": "#base"},
				"down": {"uv": [7, 14.5, 7.5, 15], "texture": "#base"}
			}
		},
		{
			"from": [1.25, 8, 2.25],
			"to": [2.75, 8.5, 3.75],
			"faces": {
				"north": {"uv": [11, 7, 11.5, 7.5], "texture": "#base"},
				"east": {"uv": [11, 7, 11.5, 7.5], "texture": "#base"},
				"south": {"uv": [11, 7, 11.5, 7.5], "texture": "#base"},
				"west": {"uv": [11, 7, 11.5, 7.5], "texture": "#base"},
				"up": {"uv": [11, 7, 11.5, 7.5], "texture": "#base"},
				"down": {"uv": [0, 0, 0.75, 0.75], "texture": "#base"}
			}
		},
		{
			"from": [1.25, 9.5, 3.75],
			"to": [2.75, 11.25, 11.25],
			"faces": {
				"north": {"uv": [12.5, 4, 13.5, 5], "texture": "#base"},
				"east": {"uv": [12.5, 0, 13.5, 4], "rotation": 90, "texture": "#base"},
				"south": {"uv": [11.5, 4, 12.5, 5], "texture": "#base"},
				"west": {"uv": [13.5, 0, 14.5, 4], "rotation": 90, "texture": "#base"},
				"up": {"uv": [11.5, 0, 12.5, 4], "texture": "#base"},
				"down": {"uv": [11.5, 4.5, 12.5, 5], "texture": "#base"}
			}
		},
		{
			"from": [4.25, 3.75, 3.75],
			"to": [7.75, 11.25, 11.25],
			"faces": {
				"north": {"uv": [15.5, 5, 13.5, 9], "texture": "#base"},
				"east": {"uv": [8, 10, 12, 14], "texture": "#base"},
				"south": {"uv": [13.5, 5, 15.5, 9], "texture": "#base"},
				"west": {"uv": [8.5, 10.5, 9, 11], "texture": "#base"},
				"up": {"uv": [11.5, 5, 13.5, 9], "texture": "#base"},
				"down": {"uv": [8.5, 10.5, 9, 11], "texture": "#base"}
			}
		},
		{
			"from": [1.5, 7.75, 2.5],
			"to": [2.5, 10.75, 3.5],
			"faces": {
				"north": {"uv": [11, 7.5, 11.5, 9], "texture": "#base"},
				"east": {"uv": [11, 7.5, 11.5, 9], "texture": "#base"},
				"south": {"uv": [11, 7.5, 11.5, 9], "texture": "#base"},
				"west": {"uv": [11, 7.5, 11.5, 9], "texture": "#base"},
				"up": {"uv": [2, 14, 2.5, 14.5], "texture": "#base"},
				"down": {"uv": [0, 0, 0.5, 0.5], "texture": "#base"}
			}
		},
		{
			"from": [1.5, 9.75, 3.5],
			"to": [2.5, 10.75, 4.5],
			"faces": {
				"north": {"uv": [11, 8, 11.5, 8.5], "texture": "#base"},
				"east": {"uv": [11, 8, 11.5, 8.5], "texture": "#base"},
				"south": {"uv": [11, 8, 11.5, 8.5], "texture": "#base"},
				"west": {"uv": [11, 8, 11.5, 8.5], "texture": "#base"},
				"up": {"uv": [11, 8, 11.5, 8.5], "texture": "#base"},
				"down": {"uv": [11, 8, 11.5, 8.5], "texture": "#base"}
			}
		},
		{
			"from": [4, 0, 6.5],
			"to": [6, 5, 8.5],
			"rotation": {"angle": -22.5, "axis": "z", "origin": [6, 2, 7.5]},
			"faces": {
				"north": {"uv": [0, 15, 2.5, 14], "rotation": 90, "texture": "#base"},
				"east": {"uv": [0, 16, 2.5, 15], "rotation": 90, "texture": "#base"},
				"south": {"uv": [0, 14, 2.5, 15], "rotation": 90, "texture": "#base"},
				"west": {"uv": [2.5, 15, 5, 14], "rotation": 90, "texture": "#base"},
				"up": {"uv": [0, 8, 1, 9], "texture": "#base", "cullface": "up"},
				"down": {"uv": [0.5, 15, 1.5, 16], "texture": "#base"}
			}
		},
		{
			"from": [5, 1.5, 6.75],
			"to": [6.5, 4.5, 8.25],
			"rotation": {"angle": -22.5, "axis": "z", "origin": [6, 2, 7.5]},
			"faces": {
				"north": {"uv": [9, 7, 9.5, 8.5], "rotation": 180, "texture": "#base"},
				"east": {"uv": [9, 7, 10, 8.5], "rotation": 180, "texture": "#base"},
				"south": {"uv": [9.5, 7, 10, 8.5], "rotation": 180, "texture": "#base"},
				"west": {"uv": [0, 8, 0.75, 9.5], "texture": "#base"},
				"up": {"uv": [0, 8, 0.75, 8.75], "texture": "#base", "cullface": "up"},
				"down": {"uv": [9, 7, 10, 7.5], "rotation": 180, "texture": "#base"}
			}
		}
	],
	"display": {
		"thirdperson_righthand": {
			"rotation": [0, 90, 0],
			"translation": [0, 2.75, -0.75],
			"scale": [0.55, 0.55, 0.55]
		},
		"thirdperson_lefthand": {
			"rotation": [0, -90, 0],
			"translation": [0, 2.75, -0.75],
			"scale": [0.55, 0.55, 0.55]
		},
		"firstperson_righthand": {
			"rotation": [0, 90, 0],
			"translation": [1.13, 3.95, 1.13],
			"scale": [0.5, 0.5, 0.5]
		},
		"firstperson_lefthand": {
			"rotation": [0, -90, 0],
			"translation": [1.13, 3.95, 1.13],
			"scale": [0.5, 0.5, 0.5]
		},
		"ground": {
			"translation": [0, 2, 0],
			"scale": [0.5, 0.5, 0.5]
		},
		"gui": {
			"rotation": [14, 28, 28],
			"scale": [0.75, 0.75, 0.75]
		},
		"head": {
			"rotation": [-180, 0, 135],
			"translation": [-1.25, -15.25, 6.5]
		},
		"fixed": {
			"translation": [0.25, 1, -3.25]
		}
	}
}